dataset_id,dataset_family,m,n,m_over_n,density,condition_proxy,column_norm_ratio,numerical_rank,full_column_rank,heterogeneity_gate_pass
well1033,suitesparse,1033,320,3.228125,0.014315101645692158,166.1333397554267,1.0000000007523888,320,1,0
illc1033,suitesparse,1033,320,3.228125,0.01427577444336883,18888.13321852914,1.000000000749437,320,1,0
cpusmall,libsvm,8192,12,682.6666666666666,0.9654032389322916,1089301.7758186134,447474.1255373537,12,1,1
